{"is_source_file": true, "format": "Python", "description": "This file generates and saves the OpenAPI schema for the API application by importing the main app and writing the schema to a JSON file.", "external_files": ["src/api/main.py"], "external_methods": ["src.api.main.app.openapi"], "published": [], "classes": [], "methods": [{"name": "json.dump", "description": "Writes the OpenAPI schema to a JSON file with indentation."}, "calls\u201d: [", "os.path.join", "json.dump"], "search-terms": ["generate_openapi", "openapi_schema", "json.dump", "app.openapi"], "state": 2, "file_id": 3, "knowledge_revision": 9, "git_revision": "960cfca29d2c6cad371fa9af120c1427ae7ccb3d", "ctags": [{"_type": "tag", "name": "openapi_schema", "path": "/home/kavia/workspace/code-generation/activity-tracker-210425-210434/physical_tracker_backend/src/api/generate_openapi.py", "pattern": "/^openapi_schema = app.openapi()$/", "language": "Python", "kind": "variable"}, {"_type": "tag", "name": "output_dir", "path": "/home/kavia/workspace/code-generation/activity-tracker-210425-210434/physical_tracker_backend/src/api/generate_openapi.py", "pattern": "/^output_dir = \"interfaces\"$/", "language": "Python", "kind": "variable"}, {"_type": "tag", "name": "output_path", "path": "/home/kavia/workspace/code-generation/activity-tracker-210425-210434/physical_tracker_backend/src/api/generate_openapi.py", "pattern": "/^output_path = os.path.join(output_dir, \"openapi.json\")$/", "language": "Python", "kind": "variable"}], "hash": "61e3715e79bc397fab3e70f503a41417", "format-version": 4, "code-base-name": "physical_tracker_backend", "filename": "physical_tracker_backend/src/api/generate_openapi.py", "fields": [{"name": "openapi_schema = app.openapi()", "scope": "", "scopeKind": "", "description": "unavailable"}, {"name": "output_dir = \"interfaces\"", "scope": "", "scopeKind": "", "description": "unavailable"}, {"name": "output_path = os.path.join(output_dir, \"openapi.json\")", "scope": "", "scopeKind": "", "description": "unavailable"}], "revision_history": [{"9": "960cfca29d2c6cad371fa9af120c1427ae7ccb3d"}]}