{"is_source_file": true, "format": "Python", "description": "This source file sets up a basic FastAPI web application with CORS middleware and a health check endpoint.", "external_files": ["fastapi", "fastapi.middleware.cors"], "external_methods": ["FastAPI", "CORSMiddleware"], "published": ["app"], "classes": [], "methods": [{"name": "health_check()", "description": "A simple endpoint to check the health/status of the service.", "scope": "", "scopeKind": ""}], "calls": ["FastAPI()", "app.add_middleware()", "CORSMiddleware", "app.get('/')"], "search-terms": ["FastAPI", "CORS middleware", "health check", "main.py", "API setup"], "state": 2, "file_id": 2, "knowledge_revision": 8, "git_revision": "960cfca29d2c6cad371fa9af120c1427ae7ccb3d", "ctags": [{"_type": "tag", "name": "app", "path": "/home/kavia/workspace/code-generation/activity-tracker-210425-210434/physical_tracker_backend/src/api/main.py", "pattern": "/^app = FastAPI()$/", "language": "Python", "kind": "variable"}, {"_type": "tag", "name": "health_check", "path": "/home/kavia/workspace/code-generation/activity-tracker-210425-210434/physical_tracker_backend/src/api/main.py", "pattern": "/^def health_check():$/", "language": "Python", "kind": "function", "signature": "()"}], "hash": "58352bf5f133908bab16643199aa483d", "format-version": 4, "code-base-name": "physical_tracker_backend", "filename": "physical_tracker_backend/src/api/main.py", "fields": [{"name": "app = FastAPI()", "scope": "", "scopeKind": "", "description": "unavailable"}], "revision_history": [{"8": "960cfca29d2c6cad371fa9af120c1427ae7ccb3d"}]}