{"is_source_file": true, "file_id": 4, "git_revision": "960cfca29d2c6cad371fa9af120c1427ae7ccb3d", "state": 2, "description": "", "external_files": [], "external_methods": [], "published": [], "classes": [], "methods": [], "calls": [], "search-terms": [], "ctags": [], "hash": null, "format-version": 4, "code-base-name": "physical_tracker_backend", "filename": "physical_tracker_backend/src/api/__init__.py", "knowledge_revision": 7, "revision_history": [{"7": "960cfca29d2c6cad371fa9af120c1427ae7ccb3d"}]}