{"is_source_file": false, "format": "", "description": "", "external_files": [], "external_methods": [], "published": [], "classes": [], "methods": [], "calls": [], "search-terms": ["activity-tracker-210425-210434", "README.md"], "state": 2, "file_id": 1, "knowledge_revision": 6, "git_revision": "87dde5ae98227b2c7b207b761dee8ba14778969f", "hash": "0cce8b29d87731c87c5ba994a503c2ed", "format-version": 4, "code-base-name": "physical_tracker_backend", "filename": "README.md", "revision_history": [{"6": "87dde5ae98227b2c7b207b761dee8ba14778969f"}]}